pcjmorelli,1,76561198030086031
PCMsoriano,1,76561198059553224
sheldredge,1,76561198057360014
pcctistaert,1,76561198045308282
PCDavidH,1,76561198059885166
PCJeremyG,1,76561198058848392
PCZStuart,1,76561198058919184
PCPham,1,76561198063620455
PCMStewart,1,76561198065392672
pcnovando,1,76561198067386647
pcnealn,1,76561198045324279
pcckennedy,1,76561198028278514
PCJglenn,1,76561198069271866
PCERobles,1,76561198069173849
seldredge,1,76561198007504314
ckennedy,1,76561198007492053
vpham,1,76561198008470941
Jgonzagowski,1,76561197970640774
Nnikaido,1,76561197995630002
yerevan1,2,76561197967146974
nnyquil,2,76561198019048723
msoriano,1,76561198007316966
GeoffNg,2,76561197972957732
ctistaert,1,76561198067068407
mstewart,2,76561197978335719
lzide,1,76561197971108233
cstastny,1,76561197965184968
eoughton,1,76561198005295203
blackopsallies,1,76561198046079750
romo,2,76561197998110832
trapp,2,76561197967631802
jcusano,2,76561197981025951
goslin23,2,76561197972028786
Juanjmorv64,1,76561198028302676
wEggers,2,76561197976890007
aWu,2,76561197971100601
bportner,2,76561197987026575
jglenn,2,76561197996425216
zachg,2,76561197972664064
kt4758,1,76561198028278972
pcprog1,1,76561198030687459
pcprog2,1,76561198030720888
pcprog3,1,76561198030720974
